power,bi,developer,13,440–20,160,netto,vat,mies.,7n,sp.,z,o.o.,miejsce,pracy,cała,polska,siedziba,firmy,"gdańsk,",oliwa,specjalista,mid,regular,aplikuj,szybko
test,manager,ceri,international,pomorskie,menedżer
devops,engineer,–,cloud,sii,sp.,z,o.o.,"gdańsk,",oliwa,specjalista,mid,"regular,",starszy,specjalista,senior,"stacjonarna,","zdalna,"
project,manager,ancillary,services,7,500–14,000,brutto,mies.,lerta,gdańsk,kierownik,koordynator
service,process,specialist,ecs,fujitsu,technology,solutions,sp.,z,o.o.,pomorskie,specjalista,mid,"regular,",młodszy,specjalista,junior,"zdalna,"
it,project,manager,12,000–18,000,mies.,zal.,umowy,cloud,services,sp.,z,o.o.,"sopot,",dolny,sopot,menedżer
senior,it,systems,engineer/architect,emagine,sp.,z,o.o,miejsce,pracy,cała,polska,siedziba,firmy,gdańsk,starszy,specjalista,senior,aplikuj,szybko
integration,systems,architect,14,000–34,944,mies.,zal.,umowy,lufthansa,systems,"gdańsk,",oliwa,starszy,specjalista,"senior,",ekspert,szukamy,wielu,kandydatów,"zdalna,"
analityk,biznesowy,w,project,management,office,rohlig,suus,logistics,s.a.,gdańsk,specjalista,mid,regular
java,developer,bnp,paribas,bank,polska,s.a.,pomorskie,specjalista,mid,regular,"zdalna,"
architekt,oracle,devops,bank,pekao,pomorskie,specjalista,mid,regular,"zdalna,"
fullstack,developer,symfony,react,15,000–20,000,netto,vat,mies.,webmakers,miejsce,pracy,cała,polska,siedziba,firmy,gdańsk,specjalista,mid,regular,"zdalna,"
devops,engineer,9,900–31,920,mies.,zal.,umowy,unity,group,pomorskie,specjalista,mid,"regular,",starszy,specjalista,senior,szukamy,wielu,kandydatów,"zdalna,"
senior,it,system,engineer,22,000–30,000,netto,vat,mies.,astek,polska,gdynia,starszy,specjalista,senior,робота,для,іноземців,"zdalna,"
system,engineer,sii,sp.,z,o.o.,"gdańsk,",oliwa,specjalista,mid,"regular,",starszy,specjalista,senior,"zdalna,"
insurance,analyst,consultant,cn,accenture,capability,network,pomorskie,specjalista,mid,regular,szukamy,wielu,kandydatów,робота,для,іноземців,"zdalna,"
koordynator,portfela,portfolio,pmo,provident,polska,pomorskie,kierownik,koordynator,"zdalna,"
business,analyst,provident,polska,pomorskie,specjalista,mid,"regular,",starszy,specjalista,senior,"zdalna,"
principal,software,engineer,with,sdn,knowledge,23,000–35,000,netto,vat,mies.,codilime,sp.,z,o.o.,gdańsk,specjalista,mid,"regular,",starszy,specjalista,senior
project,manager,provident,polska,pomorskie,starszy,specjalista,senior,"zdalna,"
sdn,engineer,with,dpdk,16,500–30,000,netto,vat,mies.,codilime,sp.,z,o.o.,gdańsk,specjalista,mid,"regular,",starszy,specjalista,senior
senior,golang,software,engineer,for,microservices,observability,product,22,000–31,000,netto,vat,mies.,codilime,sp.,z,o.o.,gdańsk,starszy,specjalista,senior
senior,devops,engineer,with,networking,and,virtualization,22,000–31,000,netto,vat,mies.,codilime,sp.,z,o.o.,gdańsk,starszy,specjalista,senior
integration,system,analyst,–,ecommerce,solution,sii,sp.,z,o.o.,gdańsk,specjalista,mid,"regular,",starszy,specjalista,senior,"zdalna,"
security,engineer,–,ecommerce,solution,sii,sp.,z,o.o.,gdańsk,specjalista,mid,"regular,",starszy,specjalista,senior,"zdalna,"
senior,sap,basis,consultant,thyssenkrupp,group,services,gdańsk,miejsce,pracy,cała,polska,siedziba,firmy,"gdańsk,",oliwa,starszy,specjalista,senior,"zdalna,"
rpa,developer,16,800–23,520,netto,vat,mies.,7n,sp.,z,o.o.,miejsce,pracy,cała,polska,siedziba,firmy,"gdańsk,",oliwa,specjalista,mid,regular,aplikuj,szybko
product,manager,10,000–22,000,brutto,mies.,getresponse,miejsce,pracy,cała,polska,siedziba,firmy,"gdańsk,",oliwa,specjalista,mid,"regular,",starszy,specjalista,senior
konsultant,sap,fi/co,lst,sp.,z,o.o.,pomorskie,specjalista,mid,regular,"zdalna,"
infrastructure,cloud,engineer,acxiom,global,service,center,polska,sp.,z,o.,miejsce,pracy,cała,polska,siedziba,firmy,"gdańsk,",oliwa,specjalista,mid,"regular,",starszy,specjalista,senior,aplikuj,szybko
senior,software,engineer,acxiom,global,service,center,polska,sp.,z,o.,miejsce,pracy,cała,polska,siedziba,firmy,"gdańsk,",oliwa,starszy,specjalista,senior,aplikuj,szybko
administrator,aplikacji,asseco,poland,s.a.,"gdynia,",działki,leśne,specjalista,mid,"regular,",starszy,specjalista,senior,"zdalna,"
senior,java,developer,asseco,data,systems,s.a.,pomorskie,starszy,specjalista,senior,"stacjonarna,","zdalna,"
ios,developer,17,000–29,400,mies.,zal.,umowy,cyclad,miejsce,pracy,cała,polska,siedziba,firmy,gdańsk,specjalista,mid,"regular,",starszy,specjalista,senior
manual,tester,9,000–12,000,brutto,mies.,ework,group,gdańsk,specjalista,mid,"regular,",starszy,specjalista,senior,aplikuj,szybko
powerapps,developer,20,160–26,880,brutto,mies.,ework,group,gdańsk,specjalista,mid,regular,aplikuj,szybko
.net,developer,10,000–17,000,mies.,zal.,umowy,rpo,partners,sp.,z,o.o.,miejsce,pracy,cała,polska,siedziba,firmy,"gdańsk,",oliwa,specjalista,mid,regular,aplikuj,szybko
analityk,systemowo-biznesowy,–,onboarding,klienta,biznesowego,fe,out,8,400–22,000,mies.,zal.,umowy,ing,bank,śląski,s.a.,pomorskie,specjalista,mid,regular,"zdalna,"
magento,developer,11,000–20,000,mies.,zal.,umowy,macopedia,sp.,z,o.o.,gdańsk,specjalista,mid,regular,aplikuj,szybko
analityk,procesów,biznesowych,erp,finanse,i,księgowość,benefit,systems,s.a.,pomorskie,specjalista,mid,"regular,",starszy,specjalista,senior,na,zastępstwo,"zdalna,"
analityk,systemowy,it,bank,pocztowy,s.a.,2,lokalizacje,specjalista,mid,"regular,",młodszy,specjalista,junior,"zdalna,"
business,analyst,–,hr,system,sii,sp.,z,o.o.,"gdańsk,",oliwa,specjalista,mid,"regular,",starszy,specjalista,senior,"stacjonarna,","zdalna,"
senior,scala,spark,developer,24,000–30,000,netto,vat,mies.,ework,group,2,lokalizacje,specjalista,mid,"regular,",starszy,specjalista,senior,aplikuj,szybko
nagios,engineer,fujitsu,technology,solutions,sp.,z,o.o.,pomorskie,specjalista,mid,"regular,",młodszy,specjalista,junior,"zdalna,"
intune,engineer,fujitsu,technology,solutions,sp.,z,o.o.,pomorskie,starszy,specjalista,senior,"zdalna,"
senior,cloud,database,engineer,240,netto,vat,godz.,ework,group,gdańsk,starszy,specjalista,senior,aplikuj,szybko
senior,sap,pp,consultant,dxc,technology,polska,sp.,z,o.o.,gdańsk,starszy,specjalista,"senior,",ekspert,"zdalna,",aplikuj,szybko
sap,crm,developer,dxc,technology,polska,sp.,z,o.o.,gdańsk,specjalista,mid,"regular,",starszy,specjalista,senior,aplikuj,szybko
senior,sap,mm,sd,consultant,dxc,technology,polska,sp.,z,o.o.,gdańsk,specjalista,mid,"regular,",starszy,specjalista,senior,aplikuj,szybko
sap,abap,developer,dxc,technology,polska,sp.,z,o.o.,gdańsk,specjalista,mid,"regular,",starszy,specjalista,senior,"zdalna,",aplikuj,szybko
programista,.net,10,000–17,000,mies.,zal.,umowy,bms,sp.,z,o.o.,pomorskie,specjalista,mid,regular,"zdalna,",aplikuj,szybko
senior,ios,developer,27,000–29,000,netto,vat,mies.,itligent,group,sp.,z,o.o.,pomorskie,starszy,specjalista,"senior,",ekspert,szukamy,wielu,kandydatów,2,wakaty,aplikuj,szybko
analityk,biznesowy,natek,poland,3,lokalizacje,specjalista,mid,regular,aplikuj,szybko
konsultant,sap,ariba,buying,lst,sp.,z,o.o.,pomorskie,specjalista,mid,regular,"zdalna,"
java,developer/lido,flight,8,000–22,344,mies.,zal.,umowy,lufthansa,systems,"gdańsk,",oliwa,specjalista,mid,regular,"zdalna,"
administrator,systemów,linux,unity-t,group,sp.,z,o.o.,sp.k.,gdańsk,specjalista,mid,regular,"zlecenie,"
java,tech,lead,bms,sp.,z,o.o.,pomorskie,starszy,specjalista,"senior,",ekspert,"zdalna,",aplikuj,szybko
senior,delivery,manager,provident,polska,pomorskie,kierownik,koordynator
senior,data,engineer,evening,hours,101–157,netto,vat,godz.,rekrutacja,360-,pracuj.pl,miejsce,pracy,cała,polska,siedziba,firmy,"gdynia,",mały,kack,specjalista,mid,"regular,",starszy,specjalista,senior,"zdalna,"
sap,principal,integration,architect,kmd,poland,sp.,z,o.o.,pomorskie,specjalista,mid,regular,"zdalna,"
trener,programowania,dla,dzieci,i,młodzieży,40–60,godz.,zal.,umowy,giganci,programowania,sp.,z,o.o.,2,lokalizacje,młodszy,specjalista,junior,"etatu,",dodatkowa,tymczasowa,"zlecenie,","stacjonarna,","zdalna,",aplikuj,szybko
frontend,developer,angular/ionic,12,000–20,000,mies.,zal.,umowy,devqube,sp.,z,o.o.,pomorskie,specjalista,mid,"regular,",starszy,specjalista,senior,aplikuj,szybko
java,developer,pion,telekomunikacji,i,mediów,asseco,poland,s.a.,gdańsk,specjalista,mid,"regular,",starszy,specjalista,senior,"zdalna,"
python,developer,pion,telekomunikacji,i,mediów,asseco,poland,s.a.,gdańsk,specjalista,mid,regular,"zdalna,"
c#,developer,8,000–28,056,mies.,zal.,umowy,lufthansa,systems,"gdańsk,",oliwa,specjalista,mid,"regular,",starszy,specjalista,senior,szukamy,wielu,kandydatów,"zdalna,"
business,system,analyst,14,000–25,000,mies.,zal.,umowy,natek,poland,3,lokalizacje,specjalista,mid,"regular,",starszy,specjalista,senior,aplikuj,szybko
expert,devops,engineer,in,financial,crime,unit,pwc,"gdańsk,",oliwa,specjalista,mid,regular,"zdalna,"
programista,php,unity-t,group,sp.,z,o.o.,sp.k.,gdańsk,specjalista,mid,regular,"zlecenie,"
pl/sql,developer,it,chapter,systemy,inwestycyjne,bnp,paribas,bank,polska,s.a.,pomorskie,specjalista,mid,regular,"zdalna,"
front-end,wordpress,developer,8,000–10,000,netto,vat,mies.,codeq,spółka,z,ograniczoną,odpowiedzialnością,miejsce,pracy,cała,polska,siedziba,firmy,"gdańsk,",stogi,specjalista,mid,regular,"etat,",aplikuj,szybko
sap,plant,maintenance,consultant,dxc,technology,polska,sp.,z,o.o.,gdańsk,specjalista,mid,regular,aplikuj,szybko
qa,specialist,7,200–16,700,mies.,zal.,umowy,xebia,sp.,z,o.o.,gdańsk,specjalista,mid,regular,"stacjonarna,","zdalna,"
trener,programowania,kółko,informatyczne,atinea,sp.,z,o.o.,miejsce,pracy,cała,polska,siedziba,firmy,gdańsk,młodszy,specjalista,junior,"etatu,",dodatkowa,tymczasowa,"stacjonarna,",aplikuj,szybko
administrator,jira,bank,millennium,s.a.,pomorskie,specjalista,mid,regular
scrum,master,billennium,s.a.,gdańsk,specjalista,mid,regular,szukamy,wielu,kandydatów
product,owner,15,000–20,000,netto,vat,mies.,eyzee,s.a.,gdańsk,specjalista,mid,regular
azure,etl,data,architect,dxc,technology,polska,sp.,z,o.o.,gdańsk,starszy,specjalista,"senior,",ekspert,"zdalna,",aplikuj,szybko
it,python,developer,160–180,netto,vat,godz.,ework,group,2,lokalizacje,starszy,specjalista,"senior,",ekspert,"zdalna,",aplikuj,szybko
senior,devops,engineer,15,500–26,000,mies.,zal.,umowy,macrix,polska,sp.,z,o.o.,world,services,sp.k.,gdańsk,starszy,specjalista,senior
fullstack,.net,developer,12,000–26,000,mies.,zal.,umowy,macrix,polska,sp.,z,o.o.,world,services,sp.k.,gdańsk,starszy,specjalista,senior
scrum,master,23,520–26,880,netto,vat,mies.,7n,sp.,z,o.o.,miejsce,pracy,cała,polska,siedziba,firmy,gdańsk,specjalista,mid,"regular,",starszy,specjalista,senior,aplikuj,szybko
senior/lead,software,engineer,in,test,with,c,15,500–24,600,netto,vat,mies.,epam,systems,poland,sp.,z,o.o.,miejsce,pracy,cała,polska,siedziba,firmy,gdańsk,starszy,specjalista,senior
administrator,aplikacji,k/m,link4,towarzystwo,ubezpieczeń,s.a.,gdańsk,specjalista,mid,regular,"stacjonarna,","zdalna,"
senior,technical,analyst,atos,poland,global,services,sp.,z,o.o.,miejsce,pracy,cała,polska,siedziba,firmy,gdańsk,starszy,specjalista,senior,робота,для,іноземців,"stacjonarna,","zdalna,"
drupal,developer,5,400–18,000,mies.,zal.,umowy,droptica,sp.,z,o.o.,"gdańsk,",matarnia,specjalista,mid,"regular,",starszy,specjalista,senior,szukamy,wielu,kandydatów,"stacjonarna,","zdalna,"
software,engineer,12,000–17,000,brutto,mies.,adva,optical,networking,miejsce,pracy,cała,polska,siedziba,firmy,"gdynia,",mały,kack,specjalista,mid,regular
java,developer,systemy,zarządzania,erp/crm/workflow,unity-t,group,sp.,z,o.o.,sp.k.,gdańsk,specjalista,mid,regular,"zlecenie,"
senior,it,system,architect,180,netto,vat,godz.,ework,group,3,lokalizacje,specjalista,mid,"regular,",starszy,specjalista,senior,aplikuj,szybko
application,developer,us,business,hrs,10,000–17,000,brutto,mies.,acxiom,global,service,center,polska,sp.,z,o.,miejsce,pracy,cała,polska,siedziba,firmy,"gdańsk,",oliwa,specjalista,mid,"regular,",młodszy,specjalista,junior,робота,для,іноземців,aplikuj,szybko
analityk,systemowo-biznesowy,zespół,finansowania,tribe,aplikacji,biznesowych,8,400–22,000,brutto,mies.,ing,bank,śląski,s.a.,pomorskie,specjalista,mid,regular,na,zastępstwo,"zdalna,"
analityk,systemowo,–,biznesowy,projekt,next,gen,fe,out,procesy,kredytowe,8,400–22,000,brutto,mies.,ing,bank,śląski,s.a.,pomorskie,specjalista,mid,regular,"zdalna,"
technical,project,manager,brand,new,galaxy,gdańsk,specjalista,mid,regular,"zdalna,"
industry,x,–,intelligent,asset,management,consultant,analyst,cn,accenture,capability,network,pomorskie,specjalista,mid,"regular,",młodszy,specjalista,junior,"zdalna,"
inżynier,wsparcia,sprzedaży,arcus,s.a.,gdańsk,specjalista,mid,regular,"stacjonarna,","zdalna,",aplikuj,szybko
head,of,data,services,scalo,sp.,z,o.o.,gdańsk,menedżer
azure,data,engineer,dxc,technology,polska,sp.,z,o.o.,gdańsk,specjalista,mid,regular,"zdalna,",aplikuj,szybko
java/kotlin,developer,for,market,risk,platform,145,netto,vat,godz.,emagine,sp.,z,o.o,miejsce,pracy,cała,polska,siedziba,firmy,gdańsk,specjalista,mid,regular,"zdalna,",aplikuj,szybko
front-end,angular,developer,whole,poland,kpmg,"gdańsk,",aniołki,specjalista,mid,regular
front-end,angular,developer,z,j.,niemieckim,16,000–24,000,mies.,zal.,umowy,cpl,jobs,gdańsk,specjalista,mid,"regular,",starszy,specjalista,senior,szukamy,wielu,kandydatów,3,wakaty,робота,для,іноземців,aplikuj,szybko
power,platform,developer,billennium,s.a.,gdańsk,specjalista,mid,"regular,",starszy,specjalista,senior
android,developer,7,700–16,500,mies.,zal.,umowy,booksy,international,sp.,z,o.o.,pomorskie,specjalista,mid,regular
data,engineer,15,000–29,000,mies.,zal.,umowy,xebia,sp.,z,o.o.,gdańsk,specjalista,mid,regular,"stacjonarna,","zdalna,"
accounting,officer,with,german,infosys,poland,sp.,z,o.o.,gdańsk,młodszy,specjalista,junior,"zdalna,"
java,developer,aplikacje,mobilne,unity-t,group,sp.,z,o.o.,sp.k.,gdańsk,specjalista,mid,regular,"zlecenie,"
senior,java,developer,systemy,zarządzania,erp/crm/workflow,unity-t,group,sp.,z,o.o.,sp.k.,gdańsk,starszy,specjalista,senior
sap,identity,management,developer,16,000–24,000,netto,vat,mies.,kmd,poland,sp.,z,o.o.,pomorskie,specjalista,mid,regular,"zdalna,"
business,analyst-project,manager,16,000–23,000,mies.,zal.,umowy,digiteum,sp.,z,o.o.,gdańsk,starszy,specjalista,"senior,",ekspert,"zdalna,"
senior,java,developer,16,000–25,000,mies.,zal.,umowy,acaisoft,poland,sp.,z,o.o.,miejsce,pracy,cała,polska,siedziba,firmy,"gdańsk,",oliwa,starszy,specjalista,senior,"zdalna,"
frontend,developer,with,java,12,500–25,000,mies.,zal.,umowy,acaisoft,poland,sp.,z,o.o.,miejsce,pracy,cała,polska,siedziba,firmy,"gdańsk,",oliwa,specjalista,mid,"regular,",starszy,specjalista,senior,"zdalna,"
ruby,on,rails,developer,20,500–27,000,mies.,zal.,umowy,acaisoft,poland,sp.,z,o.o.,miejsce,pracy,cała,polska,siedziba,firmy,"gdańsk,",oliwa,specjalista,mid,"regular,",starszy,specjalista,senior,"zdalna,"
senior,golang,developer,20,000–29,000,mies.,zal.,umowy,acaisoft,poland,sp.,z,o.o.,miejsce,pracy,cała,polska,siedziba,firmy,"gdańsk,",oliwa,starszy,specjalista,senior,"zdalna,"
data,engineer,tech,lead,28,000–38,000,mies.,zal.,umowy,acaisoft,poland,sp.,z,o.o.,miejsce,pracy,cała,polska,siedziba,firmy,"gdańsk,",oliwa,kierownik,koordynator,"zdalna,"
senior,data,engineer,17,000–30,000,mies.,zal.,umowy,acaisoft,poland,sp.,z,o.o.,miejsce,pracy,cała,polska,siedziba,firmy,"gdańsk,",oliwa,starszy,specjalista,senior,"zdalna,"
embedded,sw,developer,with,autosar,remote,etteplan,poland,sp.,z,o.o.,miejsce,pracy,cała,polska,siedziba,firmy,gdańsk,specjalista,mid,regular
nauczyciel,programowania,dla,dzieci,5,600–7,200,mies.,zal.,umowy,koding,next,gdańsk,młodszy,specjalista,junior,"etat,","etatu,",dodatkowa,tymczasowa,"zlecenie,",aplikuj,szybko
enterprise,data,governance,lead,dxc,technology,polska,sp.,z,o.o.,gdańsk,specjalista,mid,regular,aplikuj,szybko
enterprise,data,architect,dxc,technology,polska,sp.,z,o.o.,gdańsk,specjalista,mid,regular,aplikuj,szybko
data,architect,dxc,technology,polska,sp.,z,o.o.,gdańsk,specjalista,mid,regular,aplikuj,szybko
java,automation,tester,–,e-commerce,sector,sii,sp.,z,o.o.,"gdańsk,",oliwa,specjalista,mid,"regular,",starszy,specjalista,senior,"zdalna,"
ferryt,developer,natek,poland,3,lokalizacje,specjalista,mid,"regular,",starszy,specjalista,senior,aplikuj,szybko
siem,integration,engineer,ergo,technology,services,s.a.,gdańsk,specjalista,mid,"regular,",starszy,specjalista,senior,"zdalna,"
programista,java,asseco,poland,s.a.,pomorskie,specjalista,mid,regular
site,reliability,engineer,azure,31,000–46,200,mies.,zal.,umowy,cyclad,miejsce,pracy,cała,polska,siedziba,firmy,gdańsk,starszy,specjalista,"senior,",ekspert,робота,для,іноземців,"zdalna,"
architekt,systemów,20,500–30,750,mies.,zal.,umowy,e-point,sa,pomorskie,specjalista,mid,regular
lead,senior,full,stack,.net,developer,avanade,poland,sp.,z,o.o.,gdańsk,starszy,specjalista,senior,szukamy,wielu,kandydatów,"zdalna,"
senior,full,stack,.net,developer,10,000–26,880,mies.,zal.,umowy,avanade,poland,sp.,z,o.o.,gdańsk,specjalista,mid,"regular,",starszy,specjalista,senior,szukamy,wielu,kandydatów,"zdalna,"
senior,.net,back-end,developer,10,000–26,880,mies.,zal.,umowy,avanade,poland,sp.,z,o.o.,gdańsk,specjalista,mid,regular,szukamy,wielu,kandydatów,"zdalna,"
it,management,consultant/auditor,infosys,poland,sp.,z,o.o.,gdańsk,ekspert,"zdalna,"
programista,ceri,international,pomorskie,specjalista,mid,regular
integration,engineer,atos,poland,global,services,sp.,z,o.o.,gdańsk,specjalista,mid,regular,"zdalna,"
senior,python,engineer,with,ruby,20,500–30,000,netto,vat,mies.,codilime,sp.,z,o.o.,gdańsk,starszy,specjalista,senior,"zdalna,"
senior,golang,engineer,with,ruby,20,500–30,000,netto,vat,mies.,codilime,sp.,z,o.o.,gdańsk,starszy,specjalista,senior,"zdalna,"
react,native,developer,7,000–22,000,netto,vat,mies.,solveq,marcin,kulawik,spółka,komandytowo-akcyjna,miejsce,pracy,cała,polska,siedziba,firmy,"gdynia,",wzgórze,świętego,maksymiliana,specjalista,mid,"regular,",starszy,specjalista,senior
analityk,biznesowo-techniczny,k/m,link4,towarzystwo,ubezpieczeń,s.a.,gdańsk,specjalista,mid,regular,"stacjonarna,","zdalna,"
node.js,developer,7,000–22,000,netto,vat,mies.,solveq,marcin,kulawik,spółka,komandytowo-akcyjna,miejsce,pracy,cała,polska,siedziba,firmy,"gdynia,",wzgórze,świętego,maksymiliana,specjalista,mid,"regular,",starszy,specjalista,senior
analityk,analityczka,danych,azure,databricks,nest,bank,s.a.,gdańsk,specjalista,mid,"regular,",młodszy,specjalista,junior,"etat,","zdalna,"
senior,.net,engineer,16,000–23,000,mies.,zal.,umowy,digiteum,sp.,z,o.o.,gdańsk,starszy,specjalista,senior,"zdalna,",aplikuj,szybko
senior,business,analyst,13,000–23,520,mies.,zal.,umowy,objectivity,part,of,accenture,gdańsk,starszy,specjalista,senior
business,solution,advisor,in,retail,objectivity,part,of,accenture,gdańsk,specjalista,mid,regular,"zdalna,"
programista,pl/sql,i,oracle,forms,asseco,data,systems,s.a.,pomorskie,specjalista,mid,"regular,",starszy,specjalista,senior,"stacjonarna,","zdalna,"
java,software,engineer,best,s.a.,miejsce,pracy,cała,polska,siedziba,firmy,"gdynia,",mały,kack,specjalista,mid,"regular,",starszy,specjalista,senior,"zdalna,"
devops,engineer,brokerage,house,ing,bank,śląski,s.a.,pomorskie,specjalista,mid,regular,"zdalna,"
senior,devops,engineer,12,000–22,000,brutto,mies.,ing,bank,śląski,s.a.,pomorskie,starszy,specjalista,senior,"zdalna,"
it,security,specialist,ework,group,3,lokalizacje,specjalista,mid,regular,aplikuj,szybko
full,stack,.net,developer,13,000–18,000,netto,vat,mies.,infoprojekt,sp.,z,o.,o.,miejsce,pracy,cała,polska,siedziba,firmy,gdańsk,specjalista,mid,regular,"stacjonarna,","zdalna,",aplikuj,szybko
java,developer,voice,technologies,12,000–18,000,mies.,zal.,umowy,sentione,s.a.,miejsce,pracy,cała,polska,siedziba,firmy,gdańsk,specjalista,mid,"regular,",starszy,specjalista,senior,"zdalna,"
cyber,defence,specialist,mahle,shared,services,poland,sp.,z,o.o.,pomorskie,specjalista,mid,regular,aplikuj,szybko
cyber,defence,lead,mahle,shared,services,poland,sp.,z,o.o.,pomorskie,kierownik,koordynator,aplikuj,szybko
architekt,it,8,400–22,000,brutto,mies.,ing,bank,śląski,s.a.,pomorskie,specjalista,mid,regular,"zdalna,"
java,tester,automatyzujacy,–,tribe,aplikacji,operacyjnych,8,400–22,000,brutto,mies.,ing,bank,śląski,s.a.,pomorskie,specjalista,mid,regular,"zdalna,"
product,solutions,consultant,18,480–23,500,netto,vat,mies.,stx,next,s.a.,gdańsk,starszy,specjalista,senior,"stacjonarna,","zdalna,"
senior,iam,engineer,architect,harvey,nash,technology,sp.,z,o.o.,gdańsk,starszy,specjalista,"senior,",ekspert,aplikuj,szybko
sap,fi,–,support,analyst,mahle,shared,services,poland,sp.,z,o.o.,pomorskie,specjalista,mid,regular,aplikuj,szybko
peoplesoft,developer,dxc,technology,polska,sp.,z,o.o.,gdańsk,specjalista,mid,regular,aplikuj,szybko
senior,servicenow,consultant,developer,dxc,technology,polska,sp.,z,o.o.,gdańsk,starszy,specjalista,senior,aplikuj,szybko
automation,tester,15,120–22,680,netto,vat,mies.,stx,next,s.a.,gdańsk,specjalista,mid,"regular,",starszy,specjalista,senior,"stacjonarna,","zdalna,"
automation,tester,with,polish,dxc,technology,polska,sp.,z,o.o.,gdańsk,specjalista,mid,regular,"zdalna,",aplikuj,szybko
functional,automation,tester,with,polish,dxc,technology,polska,sp.,z,o.o.,gdańsk,specjalista,mid,regular,aplikuj,szybko
manual,tester,with,gis,dxc,technology,polska,sp.,z,o.o.,gdańsk,specjalista,mid,regular,aplikuj,szybko
manual,tester,with,polish,dxc,technology,polska,sp.,z,o.o.,gdańsk,specjalista,mid,regular,aplikuj,szybko
java,spring,spring,boot,developer,dxc,technology,polska,sp.,z,o.o.,gdańsk,specjalista,mid,regular,"zdalna,",aplikuj,szybko
.net,developer,dxc,technology,polska,sp.,z,o.o.,gdańsk,specjalista,mid,regular,aplikuj,szybko
powerbuilder,engineer,dxc,technology,polska,sp.,z,o.o.,gdańsk,specjalista,mid,regular,"zdalna,",aplikuj,szybko
java,developer,dxc,technology,polska,sp.,z,o.o.,gdańsk,specjalista,mid,regular,aplikuj,szybko
analityk,bezpieczeństwa,it,leroy,merlin,polska,sp.,z,o.o.,pomorskie,specjalista,mid,regular,"zdalna,"
data,transformation,consultant,cn,accenture,capability,network,pomorskie,specjalista,mid,regular,"zdalna,"
presales,engineer,21,800–26,000,netto,vat,mies.,stx,next,s.a.,gdańsk,specjalista,mid,regular,"stacjonarna,","zdalna,"
konsultant,intelligent,automation,rapid,solutions,c#/,".net,","sql,",angular,kpmg,"gdańsk,",aniołki,specjalista,mid,regular,"stacjonarna,","zdalna,"
backend,.net,engineer,15,000–20,150,mies.,zal.,umowy,digiteum,sp.,z,o.o.,miejsce,pracy,cała,polska,siedziba,firmy,gdańsk,starszy,specjalista,senior,"zdalna,",aplikuj,szybko
ms,exchange,engineer,fujitsu,technology,solutions,sp.,z,o.o.,pomorskie,specjalista,mid,regular,"zdalna,"
m365,engineer,fujitsu,technology,solutions,sp.,z,o.o.,pomorskie,starszy,specjalista,senior,"zdalna,"
network,software,engineer,with,c/c++,16,500–30,000,netto,vat,mies.,codilime,sp.,z,o.o.,gdańsk,specjalista,mid,"regular,",starszy,specjalista,senior,"stacjonarna,","zdalna,"
senior,angular,developer,19,000–21,000,mies.,zal.,umowy,prime,engineering,poland,miejsce,pracy,cała,polska,siedziba,firmy,gdańsk,starszy,specjalista,senior,aplikuj,szybko
database,developer,dxc,technology,polska,sp.,z,o.o.,gdańsk,specjalista,mid,regular,"zdalna,",aplikuj,szybko
fpga,developer,–,hw,emulation,sii,sp.,z,o.o.,"gdańsk,",oliwa,specjalista,mid,"regular,",starszy,specjalista,senior
asp.net,c#,sql,server,developer,traction,erp,gdańsk,specjalista,mid,regular,aplikuj,szybko
senior,software,developer,sps,germany,gmbh,spółka,z,o.o.,oddział,w,polsce,gdańsk,specjalista,mid,"regular,",starszy,specjalista,senior,aplikuj,szybko
lead,software,engineer,ntiative,sp.,z,o.o.,gdańsk,kierownik,koordynator
software,packaging,engineer,fujitsu,technology,solutions,sp.,z,o.o.,pomorskie,specjalista,mid,"regular,",starszy,specjalista,senior,"zdalna,"
project/program,"manager,",fixed,price,expert,xebia,sp.,z,o.o.,gdańsk,starszy,specjalista,senior,"stacjonarna,","zdalna,"
siem,engineer,sentinel,fujitsu,technology,solutions,sp.,z,o.o.,pomorskie,specjalista,mid,"regular,",starszy,specjalista,senior,"zdalna,"
data,analyst,16,000–21,000,netto,vat,mies.,link,group,sp.,z,o.o.,gdynia,specjalista,mid,regular,aplikuj,szybko
junior,java,developer,13,000–15,000,netto,vat,mies.,link,group,sp.,z,o.o.,gdynia,młodszy,specjalista,junior,aplikuj,szybko
java,developer,16,000–21,000,netto,vat,mies.,link,group,sp.,z,o.o.,gdynia,specjalista,mid,regular,aplikuj,szybko
senior,java,developer,22,000–28,000,netto,vat,mies.,link,group,sp.,z,o.o.,gdynia,starszy,specjalista,senior,aplikuj,szybko
junior,python,developer,13,000–15,000,netto,vat,mies.,link,group,sp.,z,o.o.,gdynia,młodszy,specjalista,junior,aplikuj,szybko
python,developer,16,000–21,000,netto,vat,mies.,link,group,sp.,z,o.o.,gdynia,specjalista,mid,regular,aplikuj,szybko
senior,python,developer,22,000–28,000,netto,vat,mies.,link,group,sp.,z,o.o.,gdynia,starszy,specjalista,senior,aplikuj,szybko
product,manager,16,000–24,000,netto,vat,mies.,link,group,sp.,z,o.o.,gdynia,specjalista,mid,regular,aplikuj,szybko
product,designer,14,000–20,000,netto,vat,mies.,link,group,sp.,z,o.o.,gdynia,specjalista,mid,regular,aplikuj,szybko
xamarin.forms,.net,maui,developer,demant,technology,centre,sp.,z,o.o.,gdańsk,specjalista,mid,"regular,",starszy,specjalista,senior,робота,для,іноземців,"zdalna,",aplikuj,szybko
junior,react,developer,13,000–15,000,netto,vat,mies.,link,group,sp.,z,o.o.,gdynia,młodszy,specjalista,junior,aplikuj,szybko
react,developer,16,000–21,000,netto,vat,mies.,link,group,sp.,z,o.o.,gdynia,specjalista,mid,regular,aplikuj,szybko
senior,react,developer,22,000–28,000,netto,vat,mies.,link,group,sp.,z,o.o.,gdynia,starszy,specjalista,senior,aplikuj,szybko
data,scientist,18,000–24,000,netto,vat,mies.,link,group,sp.,z,o.o.,gdynia,specjalista,mid,regular,aplikuj,szybko
test,automation,engineer,16,000–24,000,netto,vat,mies.,link,group,sp.,z,o.o.,gdynia,specjalista,mid,regular,aplikuj,szybko
konsultant,transformacyjny,sap,all,for,one,poland,gdańsk,specjalista,mid,regular,"stacjonarna,","zdalna,"
specjalista,ds.,radiowych,sieci,telekomunikacyjnych,ran,networks!,sp.,z,o.o.,pomorskie,specjalista,mid,regular,"zdalna,"
kierownik,zespołu,wytwórczego,asseco,poland,s.a.,pomorskie,kierownik,"koordynator,",menedżer,"zdalna,"
analityk,biznesowy,asseco,data,systems,s.a.,pomorskie,specjalista,mid,regular,"stacjonarna,","zdalna,"
senior,sap,integration,consultant,thyssenkrupp,group,services,gdańsk,miejsce,pracy,cała,polska,siedziba,firmy,gdańsk,starszy,specjalista,senior,"zdalna,"
analityk,biznesowo-systemowy,asseco,data,systems,s.a.,pomorskie,specjalista,mid,regular,"stacjonarna,","zdalna,"
konsultant,ds.,wdrożeń,systemów,eod,asseco,data,systems,s.a.,pomorskie,specjalista,mid,regular,"stacjonarna,","zdalna,"
konsultant,ds.,wdrożeń,asseco,data,systems,s.a.,pomorskie,specjalista,mid,regular,"stacjonarna,","zdalna,"
programista,java,asseco,data,systems,s.a.,pomorskie,specjalista,mid,"regular,",młodszy,specjalista,junior,szukamy,wielu,kandydatów,"stacjonarna,","zdalna,"
security,operator,fujitsu,technology,solutions,sp.,z,o.o.,pomorskie,specjalista,mid,"regular,",młodszy,specjalista,junior
senior,software,engineer,15,790–21,000,brutto,mies.,acxiom,global,service,center,polska,sp.,z,o.,miejsce,pracy,cała,polska,siedziba,firmy,"gdańsk,",oliwa,starszy,specjalista,senior,aplikuj,szybko
aws,infrastructure,engineer,13,345–17,000,brutto,mies.,acxiom,global,service,center,polska,sp.,z,o.,miejsce,pracy,cała,polska,siedziba,firmy,"gdańsk,",oliwa,specjalista,mid,regular,aplikuj,szybko
analityk,biznesowo-systemowy,asseco,poland,s.a.,gdańsk,specjalista,mid,regular,"zdalna,"
database,developer,wenet,group,sa,pomorskie,specjalista,mid,regular
network,engineer,fujitsu,technology,solutions,sp.,z,o.o.,pomorskie,specjalista,mid,"regular,",starszy,specjalista,senior
database,engineer,fujitsu,technology,solutions,sp.,z,o.o.,pomorskie,specjalista,mid,regular
senior,data,warehouse,developer,12,000–28,000,brutto,mies.,ing,bank,śląski,s.a.,pomorskie,starszy,specjalista,senior,"zdalna,"
revenue,integrity,specialist,billennium,s.a.,gdańsk,specjalista,mid,"regular,",starszy,specjalista,senior,"zdalna,"
solution,designer,rossmann,sdp,pomorskie,starszy,specjalista,"senior,",ekspert,"zdalna,"
programista,baz,danych,oracle,kamsoft,s.a.,gdańsk,specjalista,mid,regular
senior,full-stack,engineer,with,node.js,20,500–30,000,netto,vat,mies.,codilime,sp.,z,o.o.,gdańsk,starszy,specjalista,senior,"zdalna,"
ios,developer,8,000–22,344,mies.,zal.,umowy,lufthansa,systems,"gdańsk,",oliwa,specjalista,mid,regular,"zdalna,"
team,leader,data,science,project,office,mahle,shared,services,poland,sp.,z,o.o.,pomorskie,kierownik,koordynator,aplikuj,szybko
senior,cloud,developer/engineer,fujitsu,technology,solutions,sp.,z,o.o.,pomorskie,specjalista,mid,"regular,",starszy,specjalista,senior
backup,engineer,fujitsu,technology,solutions,sp.,z,o.o.,pomorskie,specjalista,mid,regular
analityk,systemowo-biznesowy,platforma,contact,centre,8,400–22,000,brutto,mies.,ing,bank,śląski,s.a.,pomorskie,specjalista,mid,regular,"zdalna,"
edi,deployment,specialist,mahle,shared,services,poland,sp.,z,o.o.,pomorskie,specjalista,mid,regular,aplikuj,szybko
senior,php,developer/full,stack,developer,grupa,eurozet,pomorskie,specjalista,mid,"regular,",starszy,specjalista,senior,"zdalna,"
solution,architect,cplace,with,german,17,700–36,960,mies.,zal.,umowy,objectivity,part,of,accenture,gdańsk,specjalista,mid,regular,"zdalna,"
specjalista,ds.,strategii,windykacyjnych,i,rozwoju,cross,finance,spółka,akcyjna,gdańsk,specjalista,mid,"regular,",młodszy,specjalista,junior,"etat,","etatu,",dodatkowa,tymczasowa,"stacjonarna,","zdalna,",aplikuj,szybko
senior,sccm/wintel,engineer,fujitsu,technology,solutions,sp.,z,o.o.,pomorskie,starszy,specjalista,senior,"zdalna,"
c#,automation,tester,with,german,sii,sp.,z,o.o.,gdańsk,specjalista,mid,"regular,",starszy,specjalista,senior
analityk,systemowy,sygnity,s.a.,"gdańsk,",oliwa,specjalista,mid,regular,"stacjonarna,","zdalna,"
iam,automation,engineer,fujitsu,technology,solutions,sp.,z,o.o.,pomorskie,specjalista,mid,regular,"zdalna,"
application,support,analyst,thomson,reuters,corporation,gdańsk,specjalista,mid,regular
programista,erp,programistka,erp,s&t,poland,sp.,z,o.o.,"gdańsk,",osowa,specjalista,mid,"regular,",starszy,specjalista,senior,"zdalna,"
rpa,developer,quad/graphics,europe,sp.,z,o.o.,pomorskie,młodszy,specjalista,junior,aplikuj,szybko
tester,automatyzujący,8,400–18,000,brutto,mies.,ing,bank,śląski,s.a.,pomorskie,specjalista,mid,regular,"zdalna,"
tester,automatyzujący,w,departamencie,aplikacji,detalicznych,8,400–22,000,brutto,mies.,ing,bank,śląski,s.a.,pomorskie,specjalista,mid,regular,"zdalna,"
tester,automatyzujący,w,departamencie,aplikacji,detalicznych,6,600–16,000,brutto,mies.,ing,bank,śląski,s.a.,pomorskie,specjalista,mid,regular,"zdalna,"
tester,automatyzujący,8,400–18,000,brutto,mies.,ing,bank,śląski,s.a.,pomorskie,specjalista,mid,regular,"zdalna,"
analityk,systemowy/biznesowo-systemowy,15,000–25,200,mies.,zal.,umowy,nexio,management,sp.,z,o.o.,pomorskie,specjalista,mid,"regular,",starszy,specjalista,senior,szukamy,wielu,kandydatów,3,wakaty,"zdalna,"
rpa,developer,arvato,polska,pomorskie,specjalista,mid,regular,"stacjonarna,","zdalna,"
analityk/programista,bi,sac,cosmo,group,sp.,z,o.o.,sp.,k.,właściciel,marki,neonail,pomorskie,specjalista,mid,"regular,",starszy,specjalista,senior
programista,frontend,6,000–13,000,mies.,zal.,umowy,currenda,sp.,z,o.,o.,sopot,specjalista,mid,regular,"zdalna,"
junior,finance,software,tool,specialist,blubina,gmbh,pomorskie,specjalista,mid,"regular,",młodszy,specjalista,junior,aplikuj,szybko
analityk/analityczka,danych,agora,s.a.,pomorskie,specjalista,mid,regular
product,owner,polska,press,spółka,z,ograniczoną,odpowiedzialnością,gdańsk,specjalista,mid,regular,szukamy,wielu,kandydatów,2,wakaty,"zdalna,"
analityk,biznesowo,systemowy,asseco,poland,s.a.,pomorskie,specjalista,mid,"regular,",młodszy,specjalista,junior
servicenow,service,delivery,manager,9,000–17,900,brutto,mies.,fujitsu,technology,solutions,sp.,z,o.o.,pomorskie,specjalista,mid,"regular,",starszy,specjalista,senior,"zdalna,"
architekt,it,19,100–25,300,mies.,zal.,umowy,get,it,together,spółka,z,ograniczoną,odpowiedzialnością,pomorskie,specjalista,mid,"regular,",starszy,specjalista,senior,szukamy,wielu,kandydatów,2,wakaty,aplikuj,szybko
programista,mid,full-stack,prestashop/php,tworzenie,modułów,cosmo,group,sp.,z,o.o.,sp.,k.,właściciel,marki,neonail,pomorskie,specjalista,mid,"regular,",starszy,specjalista,senior
analityk,danych,biznesowy,polska,press,spółka,z,ograniczoną,odpowiedzialnością,gdańsk,specjalista,mid,"regular,",starszy,specjalista,senior,"stacjonarna,","zdalna,"
tester,automatyzujący,tribe,aplikacji,biznesowych,8,400–18,000,brutto,mies.,ing,bank,śląski,s.a.,pomorskie,specjalista,mid,regular,"stacjonarna,","zdalna,"
cybersecurity,detect,and,response,regular,specialist,innergo,systems,spółka,z,o.o.,pomorskie,specjalista,mid,regular,"zdalna,",aplikuj,szybko
cybersecurity,detect,and,response,junior,specialist,innergo,systems,spółka,z,o.o.,pomorskie,młodszy,specjalista,junior,"zdalna,",aplikuj,szybko
salesforce,developer,quad/graphics,europe,sp.,z,o.o.,gdańsk,specjalista,mid,"regular,",starszy,specjalista,senior,aplikuj,szybko
m365,solution,architect,thyssenkrupp,group,services,gdańsk,sp.,z,o.,o.,miejsce,pracy,cała,polska,siedziba,firmy,"gdańsk,",oliwa,specjalista,mid,regular,робота,для,іноземців,"zdalna,"
sharepoint,consultant,thyssenkrupp,group,services,gdańsk,sp.,z,o.,o.,miejsce,pracy,cała,polska,siedziba,firmy,"gdańsk,",oliwa,specjalista,mid,regular,"zdalna,"
młodszy,specjalista,ds.,analiz,best,s.a.,miejsce,pracy,cała,polska,siedziba,firmy,gdynia,specjalista,mid,"regular,",młodszy,specjalista,junior
specjalista,ds.,analiz,i,raportowania,best,s.a.,miejsce,pracy,cała,polska,siedziba,firmy,gdynia,specjalista,mid,"regular,",starszy,specjalista,senior
